{"0": [[666.6666666666666, 250, 250, 500, 500]], "2": [[500, 250, 250, 500, 500]], "1": [[666.6666666666666, 250, 250, 500, 500]]}